Category,Feature,Importance
infection_count:None:None:None,FAM81A,0.8233
infection_count:None:None:None,EVA1A,0.0667
infection_count:None:None:None,MMD2,0.058
infection_count:None:None:None,PAQR8,0.023
infection_count:None:None:None,ATXN1,0.0188
infection_count:None:None:None,LMO4,0.0078
infection_count:None:None:None,NUDC,0.0024
infection_count:Excitatory:None:None,SH3BGRL3,0.5054
infection_count:Excitatory:None:None,H2AZ1,0.0847
infection_count:Excitatory:None:None,NUDT4,0.0807
infection_count:Excitatory:None:None,CAMK2N1,0.0497
infection_count:Excitatory:None:None,FAM81A,0.0396
infection_count:Excitatory:None:None,GM2897,0.0388
infection_count:Excitatory:None:None,PRDX1,0.0349
infection_count:Excitatory:None:None,VSTM2L,0.0141
infection_count:Excitatory:None:None,CHST2,0.0087
infection_count:Excitatory:None:None,REM2,0.0084
infection_count:Excitatory:None:None,YPEL2,0.0071
infection_count:Excitatory:None:None,GOLGA7B,0.0068
infection_count:Excitatory:None:None,TUBA1B,0.0065
infection_count:Excitatory:None:None,CDH18,0.0062
infection_count:Excitatory:None:None,TRPC4,0.0062
infection_count:Excitatory:None:None,MT3,0.0061
infection_count:Excitatory:None:None,CPE,0.0061
infection_count:Excitatory:None:None,LRP1B,0.006
infection_count:Excitatory:None:None,CDH9,0.0059
infection_count:Excitatory:None:None,USP29,0.0057
infection_count:Excitatory:None:None,HMGN2,0.0055
infection_count:Excitatory:None:None,TCEAL5,0.0054
infection_count:Excitatory:None:None,PLCB1,0.0053
infection_count:Excitatory:None:None,E230029C05RIK,0.0052
infection_count:Excitatory:None:None,CDH13,0.005
infection_count:Excitatory:None:None,UNC5C,0.005
infection_count:Excitatory:None:None,CRIP2,0.0049
infection_count:Excitatory:None:None,KIF26B,0.0048
infection_count:Excitatory:None:None,DNAJC15,0.0047
infection_count:Excitatory:None:None,FBXO41,0.0047
infection_count:Excitatory:None:None,TMEM117,0.0046
infection_count:Excitatory:None:None,DNAI1,0.0045
infection_count:Excitatory:None:None,ZEB2,0.0045
infection_count:Excitatory:None:None,ZFP804A,0.0043
infection_count:Excitatory:None:None,GM37911,0.0038
infection_count:Inhibitory:None:None,CALM2,0.7639
infection_count:Inhibitory:None:None,MT3,0.0736
infection_count:Inhibitory:None:None,SLC35F4,0.0473
infection_count:Inhibitory:None:None,CKB,0.0387
infection_count:Inhibitory:None:None,NAV2,0.0236
infection_count:Inhibitory:None:None,EPHA3,0.0236
infection_count:Inhibitory:None:None,OPCML,0.0132
infection_count:Inhibitory:None:None,MYO16,0.0109
infection_count:Inhibitory:None:None,PRKCB,0.0051
aav1:None:None:None,FAM81A,0.7647
aav1:None:None:None,IFITM2,0.1519
aav1:None:None:None,PIERCE1,0.0376
aav1:None:None:None,PIFO,0.029
aav1:None:None:None,PIERCE2,0.0044
aav1:None:None:None,MEIG1,0.0043
aav1:None:None:None,CFAP52,0.0041
aav1:None:None:None,DNAH6,0.004
aav1:Excitatory:None:None,SH3BGRL3,0.5365
aav1:Excitatory:None:None,GFAP,0.1721
aav1:Excitatory:None:None,COX6B2,0.087
aav1:Excitatory:None:None,H2AZ1,0.0668
aav1:Excitatory:None:None,CST3,0.0323
aav1:Excitatory:None:None,SNHG12,0.0251
aav1:Excitatory:None:None,KCNJ10,0.0171
aav1:Excitatory:None:None,CPE,0.0121
aav1:Excitatory:None:None,ABCA1,0.0111
aav1:Excitatory:None:None,GNG5,0.0107
aav1:Excitatory:None:None,RAB31,0.0085
aav1:Excitatory:None:None,GM48713,0.0061
aav1:Excitatory:None:None,GM38120,0.0057
aav1:Excitatory:None:None,GM20754,0.0037
aav1:Excitatory:None:None,SLC7A11,0.0032
aav1:Excitatory:None:None,HS3ST5,0.002
aav2:Excitatory:None:None,PTPN5,0.4371
aav2:Excitatory:None:None,ENPP2,0.3163
aav2:Excitatory:None:None,CUX2,0.1326
aav2:Excitatory:None:None,MAGI2,0.0539
aav2:Excitatory:None:None,ITPKA,0.0158
aav2:Excitatory:None:None,AUTS2,0.015
aav2:Excitatory:None:None,EDIL3,0.0145
aav2:Excitatory:None:None,LRRC7,0.0077
aav2:Excitatory:None:None,H3C1,0.0072
aav6:None:None:None,FAM81A,0.7593
aav6:None:None:None,FHAD1,0.1544
aav6:None:None:None,ATXN1,0.0823
aav6:None:None:None,CD24A,0.004
aav6:Excitatory:None:None,CAMK2N1,0.4193
aav6:Excitatory:None:None,S100A10,0.1048
aav6:Excitatory:None:None,PCSK5,0.0913
aav6:Excitatory:None:None,H2AZ1,0.0675
aav6:Excitatory:None:None,TUBA1B,0.0337
aav6:Excitatory:None:None,STXBP5L,0.0303
aav6:Excitatory:None:None,MPPED1,0.0302
aav6:Excitatory:None:None,ZCCHC4,0.0236
aav6:Excitatory:None:None,GM42635,0.0173
aav6:Excitatory:None:None,GM4258,0.0159
aav6:Excitatory:None:None,NDST4,0.0155
aav6:Excitatory:None:None,FUT9,0.0126
aav6:Excitatory:None:None,TMEM132D,0.0123
aav6:Excitatory:None:None,GM48091,0.0116
aav6:Excitatory:None:None,VSTM2A,0.0108
aav6:Excitatory:None:None,PRICKLE1,0.01
aav6:Excitatory:None:None,TUBA4A,0.0095
aav6:Excitatory:None:None,FAM241B,0.0091
aav6:Excitatory:None:None,FAT3,0.009
aav6:Excitatory:None:None,ZFP146,0.0089
aav6:Excitatory:None:None,HPCA,0.0088
aav6:Excitatory:None:None,GM37333,0.008
aav6:Excitatory:None:None,RGS8,0.0076
aav6:Excitatory:None:None,GM42943,0.0074
aav6:Excitatory:None:None,FGD5,0.0071
aav6:Excitatory:None:None,1500015A07RIK,0.0057
aav6:Excitatory:None:None,TMSB15B2,0.0057
aav6:Excitatory:None:None,ANXA5,0.004
aav6:Excitatory:None:None,FJX1,0.0027
aav7:None:None:None,TUBA4A,0.6495
aav7:None:None:None,ZC3H8,0.2609
aav7:None:None:None,FAM81A,0.0896
aav7:Excitatory:None:None,SH3BGRL3,0.3081
aav7:Excitatory:None:None,MGST3,0.1906
aav7:Excitatory:None:None,1700086L19RIK,0.0917
aav7:Excitatory:None:None,TCEAL5,0.0703
aav7:Excitatory:None:None,NRIP3,0.0612
aav7:Excitatory:None:None,ID2,0.0405
aav7:Excitatory:None:None,COBL,0.0219
aav7:Excitatory:None:None,PTCHD4,0.0205
aav7:Excitatory:None:None,TSHZ3,0.0204
aav7:Excitatory:None:None,LRP1B,0.0197
aav7:Excitatory:None:None,LRGUK,0.0162
aav7:Excitatory:None:None,HS3ST2,0.015
aav7:Excitatory:None:None,MT3,0.0142
aav7:Excitatory:None:None,SEMA5A,0.0133
aav7:Excitatory:None:None,FXYD7,0.0132
aav7:Excitatory:None:None,GM19248,0.0107
aav7:Excitatory:None:None,CCDC65,0.0106
aav7:Excitatory:None:None,CADPS2,0.0103
aav7:Excitatory:None:None,S100A11,0.0102
aav7:Excitatory:None:None,CTSL,0.0086
aav7:Excitatory:None:None,SERPINE2,0.0079
aav7:Excitatory:None:None,SORCS1,0.0074
aav7:Excitatory:None:None,FLRT2,0.0073
aav7:Excitatory:None:None,CPE,0.0056
aav7:Excitatory:None:None,GM18991,0.0035
aav7:Excitatory:None:None,ADAMTS19,0.0012
aav8:Excitatory:None:None,POU3F1,0.202
aav8:Excitatory:None:None,EFNB1,0.1842
aav8:Excitatory:None:None,PLCB4,0.1684
aav8:Excitatory:None:None,GM19248,0.0793
aav8:Excitatory:None:None,RPRML,0.0628
aav8:Excitatory:None:None,A830029E22RIK,0.0576
aav8:Excitatory:None:None,CPNE4,0.0405
aav8:Excitatory:None:None,DANCR,0.0267
aav8:Excitatory:None:None,SH3D19,0.0261
aav8:Excitatory:None:None,ADD3,0.025
aav8:Excitatory:None:None,COX6A2,0.0224
aav8:Excitatory:None:None,ADAMTS6,0.0195
aav8:Excitatory:None:None,GM44129,0.0191
aav8:Excitatory:None:None,PAQR8,0.0149
aav8:Excitatory:None:None,ZFP385B,0.0146
aav8:Excitatory:None:None,IMMP2L,0.0131
aav8:Excitatory:None:None,EIF4EBP1,0.0121
aav8:Excitatory:None:None,ITPR1,0.0119
aav9:Excitatory:None:None,ID2,0.6256
aav9:Excitatory:None:None,CAMK2D,0.2021
aav9:Excitatory:None:None,EVA1A,0.0808
aav9:Excitatory:None:None,SLC5A3,0.0747
aav9:Excitatory:None:None,B3GLCT,0.0089
aav9:Excitatory:None:None,ADAMTS9,0.008
retro:Excitatory:None:None,C1QL3,0.6605
retro:Excitatory:None:None,GPR149,0.0513
retro:Excitatory:None:None,NCAM2,0.042
retro:Excitatory:None:None,LAPTM4B,0.0301
retro:Excitatory:None:None,S100A6,0.0221
retro:Excitatory:None:None,NHERF1,0.0161
retro:Excitatory:None:None,MIR670HG,0.0154
retro:Excitatory:None:None,PCDHGA6,0.0147
retro:Excitatory:None:None,2210408F21RIK,0.0139
retro:Excitatory:None:None,GPX1,0.0135
retro:Excitatory:None:None,FABP7,0.0121
retro:Excitatory:None:None,MATN4,0.0116
retro:Excitatory:None:None,NTNG1,0.0104
retro:Excitatory:None:None,FOSL2,0.0103
retro:Excitatory:None:None,CAMK2N1,0.01
retro:Excitatory:None:None,GM11417,0.0095
retro:Excitatory:None:None,CHCHD10,0.0093
retro:Excitatory:None:None,TRPC5,0.0085
retro:Excitatory:None:None,RAMP1,0.0081
retro:Excitatory:None:None,TAGLN2,0.0069
retro:Excitatory:None:None,PRKCG,0.0068
retro:Excitatory:None:None,GPR26,0.0065
retro:Excitatory:None:None,APAF1,0.0063
retro:Excitatory:None:None,PPP1R18,0.0041
rh10:Excitatory:None:None,CLEC2L,0.777
rh10:Excitatory:None:None,PCDH11X,0.1203
rh10:Excitatory:None:None,KCNH3,0.024
rh10:Excitatory:None:None,SCG2,0.0234
rh10:Excitatory:None:None,SLC9A7,0.0221
rh10:Excitatory:None:None,1700086L19RIK,0.022
rh10:Excitatory:None:None,NRP2,0.0113
anc80:None:None:None,FAM81A,0.7722
anc80:None:None:None,NAALADL2,0.0679
anc80:None:None:None,HS3ST1,0.0599
anc80:None:None:None,LGI1,0.0432
anc80:None:None:None,PHYHIPL,0.0311
anc80:None:None:None,RCAN2,0.0094
anc80:None:None:None,SAMD5,0.007
anc80:None:None:None,SEMA6A,0.0069
anc80:None:None:None,PRTG,0.0024
anc80:Excitatory:None:None,RPRML,0.541
anc80:Excitatory:None:None,1700086L19RIK,0.102
anc80:Excitatory:None:None,TAFA2,0.0531
anc80:Excitatory:None:None,MGST3,0.0391
anc80:Excitatory:None:None,NCAN,0.0318
anc80:Excitatory:None:None,GNG5,0.0244
anc80:Excitatory:None:None,EPB41L2,0.0199
anc80:Excitatory:None:None,SHISA6,0.0177
anc80:Excitatory:None:None,MT3,0.0176
anc80:Excitatory:None:None,PCP4,0.0174
anc80:Excitatory:None:None,H2AZ1,0.0162
anc80:Excitatory:None:None,GATM,0.0142
anc80:Excitatory:None:None,PEA15A,0.0096
anc80:Excitatory:None:None,CPNE8,0.0092
anc80:Excitatory:None:None,BCAN,0.009
anc80:Excitatory:None:None,CDKN1A,0.0088
anc80:Excitatory:None:None,PHLDA1,0.0086
anc80:Excitatory:None:None,SLC25A18,0.0086
anc80:Excitatory:None:None,UNC5C,0.0085
anc80:Excitatory:None:None,APOC1,0.008
anc80:Excitatory:None:None,GALNTL6,0.0077
anc80:Excitatory:None:None,TMEM178,0.0073
anc80:Excitatory:None:None,PTPRO,0.007
anc80:Excitatory:None:None,1810037I17RIK,0.007
anc80:Excitatory:None:None,CDK5R2,0.0065
shh10:None:None:None,FAM81A,0.7824
shh10:None:None:None,MMD2,0.0983
shh10:None:None:None,CHST2,0.0476
shh10:None:None:None,LMO4,0.0347
shh10:None:None:None,EVA1A,0.0162
shh10:None:None:None,DRC1,0.0156
shh10:None:None:None,ATXN1,0.0053
shh10:Excitatory:None:None,CRIP2,0.1029
shh10:Excitatory:None:None,GOLGA7B,0.1008
shh10:Excitatory:None:None,HMGCS1,0.0716
shh10:Excitatory:None:None,MGST3,0.0709
shh10:Excitatory:None:None,TTC9B,0.069
shh10:Excitatory:None:None,FKBP1B,0.0621
shh10:Excitatory:None:None,H2AZ1,0.0443
shh10:Excitatory:None:None,PTN,0.0407
shh10:Excitatory:None:None,ID2,0.0402
shh10:Excitatory:None:None,RPRML,0.0364
shh10:Excitatory:None:None,FAM81A,0.0349
shh10:Excitatory:None:None,FAM171B,0.0342
shh10:Excitatory:None:None,GNAL,0.0329
shh10:Excitatory:None:None,HS3ST5,0.0288
shh10:Excitatory:None:None,GNG5,0.0259
shh10:Excitatory:None:None,PLEC,0.023
shh10:Excitatory:None:None,OLFM3,0.0112
shh10:Excitatory:None:None,GPR162,0.011
shh10:Excitatory:None:None,NCAN,0.0097
shh10:Excitatory:None:None,ABRACL,0.009
shh10:Excitatory:None:None,A2ML1,0.0087
shh10:Excitatory:None:None,ERLIN2,0.0084
shh10:Excitatory:None:None,CTSL,0.0076
shh10:Excitatory:None:None,HPCAL4,0.0076
shh10:Excitatory:None:None,MT3,0.0076
shh10:Excitatory:None:None,ELOF1,0.0075
shh10:Excitatory:None:None,SYT10,0.0072
shh10:Excitatory:None:None,VSTM2L,0.0071
shh10:Excitatory:None:None,HSDL1,0.0068
shh10:Excitatory:None:None,TRIP13,0.0067
shh10:Excitatory:None:None,RELL2,0.0065
shh10:Excitatory:None:None,MLC1,0.0062
shh10:Excitatory:None:None,LMO4,0.0061
shh10:Excitatory:None:None,CHST2,0.006
shh10:Excitatory:None:None,MRPS6,0.0058
shh10:Excitatory:None:None,PTPRZ1,0.0058
shh10:Excitatory:None:None,RGS17,0.0057
shh10:Excitatory:None:None,ATP1B2,0.0053
shh10:Excitatory:None:None,MAPK10,0.0053
shh10:Excitatory:None:None,PRNP,0.005
shh10:Excitatory:None:None,CXCL14,0.0048
shh10:Excitatory:None:None,REM2,0.003
shh10:Inhibitory:None:None,CALM2,0.6685
shh10:Inhibitory:None:None,ARHGAP5,0.0958
shh10:Inhibitory:None:None,QKI,0.0821
shh10:Inhibitory:None:None,NAV2,0.0753
shh10:Inhibitory:None:None,GRIN1,0.0276
shh10:Inhibitory:None:None,CNTN1,0.0199
shh10:Inhibitory:None:None,ERC2,0.0136
shh10:Inhibitory:None:None,GRM4,0.0103
shh10:Inhibitory:None:None,PCSK1N,0.0071
